# Human tRNA anticodon gene copy numbers (GtRNAdb hg38, high-confidence set)
# Source: Sudmant et al. 2014 PMC3941035 Table 1, tRNAscan-SE counts
# anticodon: 5'->3' DNA notation (U replaced by T); corresponds to Watson-Crick
#   complement of the codon read, accounting for wobble at position 34
# amino_acid: IUPAC 1-letter code (matches Biostrings::getGeneticCode("SGC0"))
# gcn: tRNAscan-SE gene copy number from GtRNAdb hg38
# Suppressor (Sup) and Selenocysteine (SeC) anticodons are excluded.
anticodon,amino_acid,gcn
GAA,F,12
AGC,A,29
CGC,A,5
TGC,A,9
ACG,R,7
CCG,R,4
CCT,R,5
TCG,R,6
TCT,R,6
ATT,N,2
GTT,N,32
GTC,D,19
GCA,C,30
CTG,Q,20
TTG,Q,11
CTC,E,13
TTC,E,13
CCC,G,7
GCC,G,15
TCC,G,9
GTG,H,11
AAT,I,14
GAT,I,3
TAT,I,5
AAG,L,12
CAA,L,7
CAG,L,10
TAA,L,7
TAG,L,3
CTT,K,17
TTT,K,16
CAT,M,20
AGG,P,10
CGG,P,4
TGG,P,7
AGA,S,11
CGA,S,4
GCT,S,8
TGA,S,5
AGT,T,10
CGT,T,4
TGT,T,7
CCA,W,9
ATA,Y,1
GTA,Y,14
AAC,V,11
CAC,V,16
TAC,V,5
